Metric,Score
BLEU,0.3327714551776235
ROUGE-L,0.888888888888889
METEOR,1.0
